algo,iter,train_s,eval_s,train_len_mean,det_p1,det_p2,det_draw,stoch_p1,stoch_p2,stoch_draw
APPO,50,10.034475326538086,62.49284267425537,50.2,0.48,0.52,0.0,0.59,0.41,0.0
APPO,100,10.05391788482666,67.4498839378357,47.77,0.52,0.48,0.0,0.7,0.3,0.0
APPO,150,10.314917087554932,56.82553267478943,48.53,0.64,0.36,0.0,0.68,0.32,0.0
APPO,200,10.228317975997925,58.344292402267456,51.22,0.62,0.38,0.0,0.59,0.41,0.0
APPO,250,10.090122699737549,56.55497431755066,50.13,0.68,0.32,0.0,0.6,0.4,0.0
APPO,300,10.335309505462646,54.645403146743774,49.99,0.68,0.32,0.0,0.58,0.42,0.0
APPO,350,10.28347635269165,54.77544713020325,49.24,0.57,0.43,0.0,0.58,0.42,0.0
APPO,400,10.188658237457275,53.75008034706116,50.76,0.51,0.49,0.0,0.61,0.39,0.0
APPO,450,10.020541906356812,54.39717125892639,49.94,0.54,0.46,0.0,0.56,0.44,0.0
APPO,500,10.085747718811035,52.93241357803345,49.74,0.58,0.42,0.0,0.66,0.34,0.0
APPO,550,10.36877727508545,52.42512512207031,50.1,0.5,0.5,0.0,0.58,0.42,0.0
APPO,600,10.270534992218018,52.34571981430054,50.1,0.53,0.47,0.0,0.58,0.42,0.0
APPO,650,10.20101022720337,48.260292291641235,49.36,0.59,0.41,0.0,0.57,0.43,0.0
APPO,700,10.096837520599365,49.990787744522095,49.85,0.59,0.41,0.0,0.54,0.46,0.0
APPO,750,10.208837032318115,49.18734264373779,50.45,0.59,0.41,0.0,0.64,0.36,0.0
APPO,800,10.333306312561035,46.82527685165405,49.17,0.61,0.39,0.0,0.54,0.46,0.0
APPO,850,10.243646383285522,47.738675355911255,49.91,0.61,0.39,0.0,0.65,0.35,0.0
APPO,900,10.17322564125061,49.16538119316101,50.2,0.56,0.44,0.0,0.54,0.46,0.0
APPO,950,10.32984447479248,51.05514430999756,51.75,0.46,0.54,0.0,0.49,0.51,0.0
APPO,1000,10.303502321243286,26.23222780227661,48.96,0.58,0.42,0.0,0.42,0.58,0.0
IMPALA,50,10.073972940444946,66.37982821464539,52.05,0.49,0.51,0.0,0.45,0.55,0.0
IMPALA,100,10.166756868362427,54.779218912124634,50.22,0.47,0.53,0.0,0.61,0.39,0.0
IMPALA,150,10.071785926818848,54.64547848701477,50.27,0.57,0.43,0.0,0.62,0.38,0.0
IMPALA,200,10.239755630493164,48.69662094116211,50.58,0.63,0.37,0.0,0.55,0.45,0.0
IMPALA,250,10.136605978012085,48.738795042037964,49.53,0.71,0.29,0.0,0.7,0.3,0.0
IMPALA,300,10.178937196731567,48.106022119522095,48.7,0.66,0.34,0.0,0.73,0.27,0.0
IMPALA,350,10.202803611755371,42.0201735496521,49.53,0.71,0.29,0.0,0.79,0.21,0.0
IMPALA,400,10.11801791191101,40.882529735565186,50.62,0.78,0.22,0.0,0.81,0.19,0.0
IMPALA,450,10.282765865325928,60.720351457595825,48.61,0.68,0.32,0.0,0.73,0.27,0.0
IMPALA,500,10.053064823150635,70.36141467094421,47.54,0.4,0.6,0.0,0.64,0.36,0.0
IMPALA,550,10.105547666549683,53.332165241241455,46.33,0.29,0.71,0.0,0.42,0.58,0.0
IMPALA,600,10.108087539672852,41.52965307235718,44.97,0.16,0.84,0.0,0.28,0.72,0.0
IMPALA,650,10.445401430130005,63.60392737388611,42.35,0.17,0.83,0.0,0.32,0.68,0.0
IMPALA,700,10.094423532485962,82.33335399627686,43.74,0.23,0.77,0.0,0.33,0.67,0.0
IMPALA,750,10.523900747299194,75.89906597137451,42.89,0.17,0.83,0.0,0.2,0.8,0.0
IMPALA,800,10.610900640487671,98.54423475265503,42.91,0.23,0.77,0.0,0.16,0.84,0.0
IMPALA,850,10.256957292556763,83.50808191299438,41.91,0.21,0.79,0.0,0.22,0.78,0.0
IMPALA,900,10.385213851928711,94.35150623321533,41.74,0.14,0.86,0.0,0.26,0.74,0.0
IMPALA,950,10.465019226074219,78.51718521118164,41.06,0.16,0.84,0.0,0.16,0.84,0.0
IMPALA,1000,10.393117666244507,22.5797221660614,38.09,0.14,0.86,0.0,0.22,0.78,0.0
PPO,50,24.573829650878906,67.94958758354187,49.79,0.48,0.52,0.0,0.38,0.62,0.0
PPO,100,15.204270601272583,46.85848069190979,46.26,0.51,0.49,0.0,0.5,0.5,0.0
PPO,150,15.882532596588135,44.967244148254395,45.01,0.49,0.51,0.0,0.44,0.56,0.0
PPO,200,17.407270431518555,64.27573275566101,42.08,0.45,0.55,0.0,0.37,0.63,0.0
PPO,250,17.672585487365723,44.765127420425415,40.28,0.49,0.51,0.0,0.3,0.7,0.0
PPO,300,15.427964210510254,45.14575386047363,40.65,0.41,0.59,0.0,0.37,0.63,0.0
PPO,350,15.248616933822632,39.35176992416382,39.69,0.44,0.56,0.0,0.43,0.57,0.0
PPO,400,15.305410861968994,38.31192636489868,36.87,0.37,0.63,0.0,0.36,0.64,0.0
PPO,450,15.546794414520264,37.863343238830566,36.51,0.43,0.57,0.0,0.3,0.7,0.0
PPO,500,15.066449880599976,36.03483247756958,36.2,0.41,0.59,0.0,0.34,0.66,0.0
PPO,550,15.208837032318115,35.211031436920166,35.9,0.29,0.71,0.0,0.45,0.55,0.0
PPO,600,15.211704969406128,33.5903058052063,34.88,0.33,0.67,0.0,0.44,0.56,0.0
PPO,650,15.394716501235962,34.2584707736969,34.09,0.39,0.61,0.0,0.4,0.6,0.0
PPO,700,15.487230062484741,33.45331406593323,33.4,0.36,0.64,0.0,0.46,0.54,0.0
PPO,750,15.47154974937439,34.01232957839966,32.57,0.4,0.6,0.0,0.49,0.51,0.0
PPO,800,15.119189023971558,32.84268355369568,32.76,0.48,0.52,0.0,0.36,0.64,0.0
PPO,850,15.702369928359985,32.86702585220337,31.75,0.42,0.58,0.0,0.45,0.55,0.0
PPO,900,15.397188186645508,32.55293107032776,32.87,0.34,0.66,0.0,0.44,0.56,0.0
PPO,950,15.524640321731567,32.67411231994629,32.92,0.4,0.6,0.0,0.45,0.55,0.0
PPO,1000,15.788721323013306,16.389939785003662,33.53,0.5,0.5,0.0,0.44,0.56,0.0
